<?xml version="1.0" encoding="UTF-8" standalone="yes"?>
<manifest identifier="Scorm wrapper1571836940425" version="1" xmlns="http://www.imsglobal.org/xsd/imscp_v1p1" xmlns:xsi="http://www.w3.org/2001/XMLSchema-instance" xmlns:adlcp="http://www.adlnet.org/xsd/adlcp_v1p3" xmlns:adlseq="http://www.adlnet.org/xsd/adlseq_v1p3" xmlns:adlnav="http://www.adlnet.org/xsd/adlnav_v1p3" xmlns:imsss="http://www.imsglobal.org/xsd/imsss" xsi:schemaLocation="http://www.imsglobal.org/xsd/imscp_v1p1 imscp_v1p1.xsd http://www.adlnet.org/xsd/adlcp_v1p3 adlcp_v1p3.xsd http://www.adlnet.org/xsd/adlseq_v1p3 adlseq_v1p3.xsd http://www.adlnet.org/xsd/adlnav_v1p3 adlnav_v1p3.xsd http://www.imsglobal.org/xsd/imsss imsss_v1p0.xsd">
  <metadata>
    <schema>ADL SCORM</schema>
    <schemaversion>2004 3rd Edition</schemaversion>
  </metadata>
  <organizations default="Scorm wrapper1571836940425-org">
    <organization identifier="Scorm wrapper1571836940425-org">
      <title>Scorm wrapper</title>
      <item identifier="item_1" identifierref="resource_1">
        <title>Scorm wrapper</title>
      </item>
    </organization>
  </organizations>
  <resources>
    <resource identifier="resource_1" type="webcontent" href="index.html" adlcp:scormType="sco">
      <file href="ScormAngular/favicon.ico"/>
      <file href="ScormAngular/fontawesome-webfont.eot"/>
      <file href="ScormAngular/fontawesome-webfont.svg"/>
      <file href="ScormAngular/fontawesome-webfont.ttf"/>
      <file href="ScormAngular/fontawesome-webfont.woff"/>
      <file href="ScormAngular/fontawesome-webfont.woff2"/>
      <file href="ScormAngular/index.html"/>
      <file href="ScormAngular/main-es2015.js"/>
      <file href="ScormAngular/main-es2015.js.map"/>
      <file href="ScormAngular/main-es5.js"/>
      <file href="ScormAngular/main-es5.js.map"/>
      <file href="ScormAngular/polyfills-es2015.js"/>
      <file href="ScormAngular/polyfills-es2015.js.map"/>
      <file href="ScormAngular/polyfills-es5.js"/>
      <file href="ScormAngular/polyfills-es5.js.map"/>
      <file href="ScormAngular/runtime-es2015.js"/>
      <file href="ScormAngular/runtime-es2015.js.map"/>
      <file href="ScormAngular/runtime-es5.js"/>
      <file href="ScormAngular/runtime-es5.js.map"/>
      <file href="ScormAngular/styles-es2015.js"/>
      <file href="ScormAngular/styles-es2015.js.map"/>
      <file href="ScormAngular/styles-es5.js"/>
      <file href="ScormAngular/styles-es5.js.map"/>
      <file href="ScormAngular/vendor-es2015.js"/>
      <file href="ScormAngular/vendor-es2015.js.map"/>
      <file href="ScormAngular/vendor-es5.js"/>
      <file href="ScormAngular/vendor-es5.js.map"/>
      <file href="ScormAngular/assets/images/1.jpg"/>
      <file href="ScormAngular/assets/images/2.jpg"/>
      <file href="ScormAngular/assets/images/3.jpg"/>
      <file href="ScormAngular/assets/images/4.jpg"/>
      <file href="ScormAngular/assets/images/5.jpg"/>
    </resource>
  </resources>
</manifest>